threshold,retrieval_rate,em,f1,retrieval_recall_top5,vqa_score,faithfulness,attribution_precision,position_bias_score,precision,recall,avg_input_tokens
0.3,0.8061810178271044,0.5383339380468414,0.7085214291922974,0.6812037280884873,0.6533606078294212,0.7733991780504303,0.7087125418252299,0.23661761457749353,0.7439475006519123,0.6730953577326826,391.85430534813133
0.35,0.5249080237694725,0.5687259016977098,0.7485214291922975,0.6812037280884873,0.6885565896548554,0.7733991780504303,0.7087125418252299,0.23661761457749353,0.7859475006519123,0.7110953577326826,307.47240713084176
0.4,0.3061810178271044,0.5383339380468414,0.7085214291922974,0.6812037280884873,0.6533606078294212,0.7733991780504303,0.7087125418252299,0.23661761457749353,0.7439475006519123,0.6730953577326826,241.85430534813133
0.43,0.11745401188473625,0.5200987598563203,0.6845214291922974,0.6812037280884873,0.6322430187341607,0.7733991780504303,0.7087125418252299,0.23661761457749353,0.7187475006519123,0.6502953577326825,185.23620356542088
