{
  "Self-Aware-MRAG": {
    "em": 0.63,
    "f1": 0.6916872571872571,
    "retrieval_recall_top5": 0.0,
    "vqa_score": 0.20999999999999994,
    "faithfulness": 0.0,
    "attribution_precision": 0.0,
    "position_bias_score": 0.0,
    "runtime_seconds": 2263.928152322769,
    "seconds_per_sample": 22.63928152322769
  },
  "Self-RAG": {
    "em": 0.66,
    "f1": 0.7139094794094794,
    "retrieval_recall_top5": 0.05,
    "vqa_score": 0.2199999999999999,
    "faithfulness": 0.0,
    "attribution_precision": 0.0,
    "position_bias_score": 0.0,
    "runtime_seconds": 2296.5340049266815,
    "seconds_per_sample": 22.965340049266814
  },
  "mR2AG": {
    "em": 0.65,
    "f1": 0.7083539238539238,
    "retrieval_recall_top5": 0.05,
    "vqa_score": 0.21666666666666656,
    "faithfulness": 0.0,
    "attribution_precision": 0.0,
    "position_bias_score": 0.0,
    "runtime_seconds": 2435.4496960639954,
    "seconds_per_sample": 24.354496960639953
  },
  "VisRAG": {
    "em": 0.66,
    "f1": 0.7139094794094794,
    "retrieval_recall_top5": 0.05,
    "vqa_score": 0.2199999999999999,
    "faithfulness": 0.0,
    "attribution_precision": 0.0,
    "position_bias_score": 0.0,
    "runtime_seconds": 2410.4678399562836,
    "seconds_per_sample": 24.104678399562836
  },
  "REVEAL": {
    "em": 0.65,
    "f1": 0.7083539238539238,
    "retrieval_recall_top5": 0.05,
    "vqa_score": 0.21666666666666656,
    "faithfulness": 0.0,
    "attribution_precision": 0.0,
    "position_bias_score": 0.0,
    "runtime_seconds": 2409.9172303676605,
    "seconds_per_sample": 24.099172303676607
  },
  "RagVL": {
    "em": 0.66,
    "f1": 0.7139094794094794,
    "retrieval_recall_top5": 0.05,
    "vqa_score": 0.2199999999999999,
    "faithfulness": 0.0,
    "attribution_precision": 0.0,
    "position_bias_score": 0.0,
    "runtime_seconds": 2398.798768520355,
    "seconds_per_sample": 23.987987685203553
  },
  "MuRAG": {
    "em": 0.66,
    "f1": 0.7139094794094794,
    "retrieval_recall_top5": 0.05,
    "vqa_score": 0.2199999999999999,
    "faithfulness": 0.0,
    "attribution_precision": 0.0,
    "position_bias_score": 0.0,
    "runtime_seconds": 2397.394850730896,
    "seconds_per_sample": 23.97394850730896
  }
}